{
    "meta": "decision-tree",
    "feature_importances_": [
        0.0016371290099368473,
        0.23839327293322032,
        0.5042012183169549,
        0.0,
        0.0,
        0.25576837973988803
    ],
    "max_features_": 6,
    "n_classes_": 2,
    "n_features_": 6,
    "n_outputs_": 1,
    "tree_": {
        "max_depth": 3,
        "node_count": 15,
        "nodes": [
            [
                1,
                8,
                2,
                0.5,
                0.3656562566735613,
                26048,
                26048.0
            ],
            [
                2,
                5,
                1,
                0.7666666805744171,
                0.4915099201710582,
                12340,
                12340.0
            ],
            [
                3,
                4,
                5,
                0.0509555097669363,
                0.43595090488676047,
                8681,
                8681.0
            ],
            [
                -1,
                -1,
                -2,
                -2.0,
                0.4097132245601487,
                8260,
                8260.0
            ],
            [
                -1,
                -1,
                -2,
                -2.0,
                0.041841334679899145,
                421,
                421.0
            ],
            [
                6,
                7,
                5,
                0.0509555097669363,
                0.41608328955748686,
                3659,
                3659.0
            ],
            [
                -1,
                -1,
                -2,
                -2.0,
                0.4518773707145216,
                3117,
                3117.0
            ],
            [
                -1,
                -1,
                -2,
                -2.0,
                0.018279979847768968,
                542,
                542.0
            ],
            [
                9,
                12,
                5,
                0.07139571383595467,
                0.12357567426798077,
                13708,
                13708.0
            ],
            [
                10,
                11,
                1,
                0.8333333432674408,
                0.09444495591668656,
                13463,
                13463.0
            ],
            [
                -1,
                -1,
                -2,
                -2.0,
                0.07110967762069109,
                12731,
                12731.0
            ],
            [
                -1,
                -1,
                -2,
                -2.0,
                0.39590238585804294,
                732,
                732.0
            ],
            [
                13,
                14,
                0,
                0.04794520512223244,
                0.05551020408163265,
                245,
                245.0
            ],
            [
                -1,
                -1,
                -2,
                -2.0,
                0.0,
                3,
                3.0
            ],
            [
                -1,
                -1,
                -2,
                -2.0,
                0.03251144047537735,
                242,
                242.0
            ]
        ],
        "values": [
            [
                [
                    19775.0,
                    6273.0
                ]
            ],
            [
                [
                    6974.0,
                    5366.0
                ]
            ],
            [
                [
                    5894.0,
                    2787.0
                ]
            ],
            [
                [
                    5885.0,
                    2375.0
                ]
            ],
            [
                [
                    9.0,
                    412.0
                ]
            ],
            [
                [
                    1080.0,
                    2579.0
                ]
            ],
            [
                [
                    1075.0,
                    2042.0
                ]
            ],
            [
                [
                    5.0,
                    537.0
                ]
            ],
            [
                [
                    12801.0,
                    907.0
                ]
            ],
            [
                [
                    12794.0,
                    669.0
                ]
            ],
            [
                [
                    12261.0,
                    470.0
                ]
            ],
            [
                [
                    533.0,
                    199.0
                ]
            ],
            [
                [
                    7.0,
                    238.0
                ]
            ],
            [
                [
                    3.0,
                    0.0
                ]
            ],
            [
                [
                    4.0,
                    238.0
                ]
            ]
        ],
        "nodes_dtype": [
            "<i8",
            "<i8",
            "<i8",
            "<f8",
            "<f8",
            "<i8",
            "<f8"
        ]
    },
    "classes_": [
        0,
        1
    ],
    "params": {
        "ccp_alpha": 0.0,
        "class_weight": null,
        "criterion": "gini",
        "max_depth": 3,
        "max_features": null,
        "max_leaf_nodes": null,
        "min_impurity_decrease": 0.0,
        "min_samples_leaf": 1,
        "min_samples_split": 2,
        "min_weight_fraction_leaf": 0.0,
        "random_state": null,
        "splitter": "best"
    }
}